{
  "hash": "beb4685d",
  "configHash": "0449ee13",
  "lockfileHash": "81901d51",
  "browserHash": "7cd7d9b1",
  "optimized": {
    "@angular/common": {
      "src": "../../../../../../node_modules/@angular/common/fesm2022/common.mjs",
      "file": "@angular_common.js",
      "fileHash": "bb5b16fe",
      "needsInterop": false
    },
    "@angular/common/http": {
      "src": "../../../../../../node_modules/@angular/common/fesm2022/http.mjs",
      "file": "@angular_common_http.js",
      "fileHash": "3e0acce2",
      "needsInterop": false
    },
    "@angular/core": {
      "src": "../../../../../../node_modules/@angular/core/fesm2022/core.mjs",
      "file": "@angular_core.js",
      "fileHash": "30eb2c3d",
      "needsInterop": false
    },
    "@angular/forms": {
      "src": "../../../../../../node_modules/@angular/forms/fesm2022/forms.mjs",
      "file": "@angular_forms.js",
      "fileHash": "ccfd898c",
      "needsInterop": false
    },
    "@angular/material/button": {
      "src": "../../../../../../node_modules/@angular/material/fesm2022/button.mjs",
      "file": "@angular_material_button.js",
      "fileHash": "ec243dd7",
      "needsInterop": false
    },
    "@angular/material/dialog": {
      "src": "../../../../../../node_modules/@angular/material/fesm2022/dialog.mjs",
      "file": "@angular_material_dialog.js",
      "fileHash": "7904b04d",
      "needsInterop": false
    },
    "@angular/material/divider": {
      "src": "../../../../../../node_modules/@angular/material/fesm2022/divider.mjs",
      "file": "@angular_material_divider.js",
      "fileHash": "192bb1fd",
      "needsInterop": false
    },
    "@angular/material/icon": {
      "src": "../../../../../../node_modules/@angular/material/fesm2022/icon.mjs",
      "file": "@angular_material_icon.js",
      "fileHash": "7b68d2c9",
      "needsInterop": false
    },
    "@angular/platform-browser": {
      "src": "../../../../../../node_modules/@angular/platform-browser/fesm2022/platform-browser.mjs",
      "file": "@angular_platform-browser.js",
      "fileHash": "d908d847",
      "needsInterop": false
    },
    "@angular/platform-browser/animations/async": {
      "src": "../../../../../../node_modules/@angular/platform-browser/fesm2022/animations/async.mjs",
      "file": "@angular_platform-browser_animations_async.js",
      "fileHash": "e9a2b8e6",
      "needsInterop": false
    },
    "@angular/platform-server": {
      "src": "../../../../../../node_modules/@angular/platform-server/fesm2022/platform-server.mjs",
      "file": "@angular_platform-server.js",
      "fileHash": "3ad661a3",
      "needsInterop": false
    },
    "@angular/router": {
      "src": "../../../../../../node_modules/@angular/router/fesm2022/router.mjs",
      "file": "@angular_router.js",
      "fileHash": "dc458a2a",
      "needsInterop": false
    },
    "rxjs": {
      "src": "../../../../../../node_modules/rxjs/dist/cjs/index.js",
      "file": "rxjs.js",
      "fileHash": "ccc2f2a4",
      "needsInterop": true
    }
  },
  "chunks": {
    "browser-45HANY3Z": {
      "file": "browser-45HANY3Z.js"
    },
    "chunk-3DPIIZGX": {
      "file": "chunk-3DPIIZGX.js"
    },
    "xhr2-ISERFGGE": {
      "file": "xhr2-ISERFGGE.js"
    },
    "chunk-3Q6LMFCF": {
      "file": "chunk-3Q6LMFCF.js"
    },
    "chunk-JQD72D72": {
      "file": "chunk-JQD72D72.js"
    },
    "chunk-KLE2LZTR": {
      "file": "chunk-KLE2LZTR.js"
    },
    "chunk-RK2POULK": {
      "file": "chunk-RK2POULK.js"
    },
    "chunk-EKRYF44B": {
      "file": "chunk-EKRYF44B.js"
    },
    "chunk-NEMALUCI": {
      "file": "chunk-NEMALUCI.js"
    },
    "chunk-2H3L6IVL": {
      "file": "chunk-2H3L6IVL.js"
    },
    "chunk-NQ4HTGF6": {
      "file": "chunk-NQ4HTGF6.js"
    }
  }
}